tanggal;jenis_produk;jumlah_order; harga ; total 
05/08/2022;Foodpak260;1000;Rp1.800;Rp1.800.000
05/08/2022;FoodpakMatte245;1000;Rp1.900;Rp1.900.000
05/08/2022;CraftLaminasi290;5000;Rp750;Rp3.750.000
05/08/2022;CraftLaminasi290;1000;Rp1.200;Rp1.200.000
07/08/2022;Dupleks310;1000;Rp1.550;Rp1.550.000
08/08/2022;Dupleks310;500;Rp1.900;Rp950.000
08/08/2022;Ivory270;1000;Rp1.700;Rp1.700.000
09/08/2022;Kinstruk130;1000;Rp1.000;Rp1.000.000
09/08/2022;HVS;1500;Rp850;Rp1.275.000
09/08/2022;Dupleks350;500;Rp1.800;Rp900.000
09/08/2022;Dupleks350;500;Rp1.800;Rp900.000
10/08/2022;Dupleks310;500;Rp1.600;Rp800.000
10/08/2022;Ivory270;1000;Rp2.000;Rp2.000.000
11/08/2022;CraftLaminasi290;1000;Rp850;Rp850.000
11/08/2022;Dupleks350;500;Rp1.800;Rp900.000
11/08/2022;Dupleks350;500;Rp1.800;Rp900.000
11/08/2022;Dupleks310;2000;Rp1.300;Rp2.600.000
12/08/2022;CraftLaminasi;1000;Rp1.200;Rp1.200.000
12/08/2022;Ivory270;1000;Rp2.000;Rp2.000.000
12/08/2022;Dupleks350;1000;Rp2.200;Rp2.200.000
12/08/2022;CraftLaminasi290;3000;Rp800;Rp2.400.000
12/08/2022;CraftLaminasi290;500;Rp600;Rp300.000
13/08/2022;GRESSPROFF;1500;Rp300;Rp450.000
15/08/2022;Ivory230+LaminasiDoff;1500;Rp1.100;Rp1.650.000
15/08/2022;260Glossy;2000;Rp2.300;Rp4.600.000
15/08/2022;CraftFoodpak290;1000;Rp2.200;Rp2.200.000
15/08/2022;Ivory230;3000;Rp950;Rp2.850.000
15/08/2022;CraftFoodpak290;3000;Rp875;Rp2.625.000
15/08/2022;Dupleks310;2000;Rp1.600;Rp3.200.000
15/08/2022;Foodpak260Matte;1000;Rp2.200;Rp2.200.000
15/08/2022;Dupleks270;1000;Rp1.900;Rp1.900.000
16/08/2022;Dupleks310;2000;Rp1.750;Rp3.500.000
16/08/2022;Dupleks350;2000;Rp1.975;Rp3.950.000
16/08/2022;Kinstruk130;2000;Rp500;Rp1.000.000
18/08/2022;CraftFoodpak290;1000;Rp975;Rp975.000
18/08/2022;Dupleks270;500;Rp2.200;Rp1.100.000
18/08/2022;Kinstruk150;500;Rp900;Rp450.000
18/08/2022;FoodpakMatte245;1000;Rp1.800;Rp1.800.000
22/08/2022;Dupleks310;2000;Rp1.710;Rp3.420.000
22/08/2022;CraftFoodpak290;3500;Rp1.300;Rp4.550.000
22/08/2022;Dupleks310;1000;Rp1.900;Rp1.900.000
22/08/2022;Kinstruk260;3500;Rp1.650;Rp5.775.000
22/08/2022;CraftFoodpak290;2000;Rp1.200;Rp2.400.000
22/08/2022;CraftFoodpak290;2000;Rp1.850;Rp3.700.000
22/08/2022;Dupleks310;2000;Rp1.800;Rp3.600.000
22/08/2022;FoodpakGlossy;1000;Rp2.300;Rp2.300.000
29/08/2022;Dupleks310;1000;Rp1.550;Rp1.550.000
29/08/2022;Ivory230;2000;Rp1.450;Rp2.900.000
29/08/2022;Dupleks310;1000;Rp1.800;Rp1.800.000
30/08/2022;Ivory300;1000;Rp1.700;Rp1.700.000
30/08/2022;Dupleks310;1500;Rp1.900;Rp2.850.000
30/08/2022;Dupleks270Eplex;3000;Rp1.300;Rp3.900.000
30/08/2022;Dupleks310;1000;Rp2.200;Rp2.200.000
31/08/2022;Ivory250;1000;Rp1.600;Rp1.600.000
31/08/2022;GreaseProof;1000;Rp400;Rp400.000
01/09/2022;Foodpak295Matte;1000;Rp1.900;Rp1.900.000
02/09/2022;Dupleks350;2000;Rp1.500;Rp3.000.000
02/09/2022;Dupleks310;1000;Rp1.500;Rp1.500.000
02/09/2022;GreaseProof;1000;Rp500;Rp500.000
02/09/2022;Ivory230;2000;Rp945;Rp1.890.000
02/09/2022;CraftLaminasi290;5000;Rp800;Rp4.000.000
03/09/2022;CraftLaminasi290;6000;Rp950;Rp5.700.000
03/09/2022;HVS;20000;Rp250;Rp5.000.000
05/09/2022;CraftLaminasi290;1000;Rp1.100;Rp1.100.000
05/09/2022;Ivory230;1000;Rp1.200;Rp1.200.000
05/09/2022;Foodpak260Glossy;5000;Rp1.200;Rp6.000.000
07/09/2022;Dupleks310;2000;Rp1.600;Rp3.200.000
07/09/2022;Dupleks310;2000;Rp1.600;Rp3.200.000
07/09/2022;GreaseProof;1000;Rp400;Rp400.000
08/09/2022;CraftLaminasi290;5000;Rp850;Rp4.250.000
08/09/2022;Dupleks310;1000;Rp2.000;Rp2.000.000
08/09/2022;Ivory270;500;Rp5.500;Rp2.750.000
08/09/2022;Dupleks350;500;Rp5.500;Rp2.750.000
08/09/2022;Ivory300;1000;Rp2.500;Rp2.500.000
08/09/2022;GreaseProof;1000;Rp300;Rp300.000
08/09/2022;Ivory300;2000;Rp1.500;Rp3.000.000
14/09/2022;Dupleks350;1000;Rp2.800;Rp2.800.000
14/09/2022;CraftLaminasi290;2000;Rp1.950;Rp3.900.000
14/09/2022;Dupleks350;2000;Rp1.975;Rp3.950.000
14/09/2022;CraftLaminasi290;1000;Rp1.200;Rp1.200.000
14/09/2022;FoodpakGlossy260;1000;Rp1.800;Rp1.800.000
14/09/2022;Foodpak295;1000;Rp1.600;Rp1.600.000
14/09/2022;Foodpak295;1000;Rp1.600;Rp1.600.000
14/09/2022;Dupleks270;1000;Rp1.800;Rp1.800.000
14/09/2022;GreaseProof;1000;Rp950;Rp950.000
14/09/2022;Foodpak260Glossy;1000;Rp1.600;Rp1.600.000
14/09/2022;Dupleks350;1000;Rp2.500;Rp2.500.000
14/09/2022;Dupleks400;1000;Rp2.500;Rp2.500.000
19/09/2022;Dupleks310;500;Rp1.450;Rp725.000
19/09/2022;CraftLaminasi290;5000;Rp1.200;Rp6.000.000
19/09/2022;Dupleks310;1000;Rp1.400;Rp1.400.000
19/09/2022;Foodpak260Glossy;1000;Rp1.650;Rp1.650.000
19/09/2022;FoodpakMatte245;2500;Rp700;Rp1.750.000
19/09/2022;Dupleks350;2000;Rp1.600;Rp3.200.000
19/09/2022;Dupleks350;2000;Rp1.500;Rp3.000.000
19/09/2022;Dupleks310;1000;Rp1.400;Rp1.400.000
19/09/2022;Foodpak260Glossy;2000;Rp2.300;Rp4.600.000
19/09/2022;CraftLaminasi290;4000;Rp1.700;Rp6.800.000
19/09/2022;CraftLaminasi290;1000;Rp1.200;Rp1.200.000
19/09/2022;Ivory250;1000;Rp1.650;Rp1.650.000
19/09/2022;CraftLaminasi290;3000;Rp1.700;Rp5.100.000
19/09/2022;CraftLaminasi290;1000;Rp1.200;Rp1.200.000
24/09/2022;CraftLaminasi290;2000;Rp1.850;Rp3.700.000
24/09/2022;CraftLaminasi290;2000;Rp900;Rp1.800.000
24/09/2022;Dupleks310;1000;Rp1.900;Rp1.900.000
24/09/2022;Dupleks310;1000;Rp1.900;Rp1.900.000
24/09/2022;Ivory270;2000;Rp950;Rp1.900.000
24/09/2022;Dupleks310;1000;Rp2.200;Rp2.200.000
24/09/2022;Dupleks310;1000;Rp1.550;Rp1.550.000
24/09/2022;CraftLaminasi290;3000;Rp1.000;Rp3.000.000
24/09/2022;CraftLaminasi290;1000;Rp850;Rp850.000
24/09/2022;CraftFoodpak290;3000;Rp875;Rp2.625.000
24/09/2022;FoodpakMatte295;1000;Rp1.900;Rp1.900.000
24/09/2022;Dupleks310;1000;Rp1.500;Rp1.500.000
24/09/2022;Craft290;1000;Rp1.350;Rp1.350.000
24/09/2022;Ivory230;1000;Rp1.600;Rp1.600.000
24/09/2022;Ivory230;1000;Rp1.600;Rp1.600.000
24/09/2022;GreaseProof40;1000;Rp300;Rp300.000
24/09/2022;Ivory230;1000;Rp1.700;Rp1.700.000
24/09/2022;Dupleks350;1000;Rp3.450;Rp3.450.000
24/09/2022;Dupleks310;2000;Rp1.800;Rp3.600.000
24/09/2022;Foodpak260Glossy;5000;Rp1.450;Rp7.250.000
24/09/2022;Ivory230;1000;Rp1.150;Rp1.150.000
04/10/2022;Dupleks310;2000;Rp1.600;Rp3.200.000
04/10/2022;FoodpakGlossy260;1000;Rp1.800;Rp1.800.000
04/10/2022;Dupleks310;3000;Rp1.400;Rp4.200.000
05/10/2022;CraftLaminasi290;4000;Rp800;Rp3.200.000
06/10/2022;CraftFoodpak290;1500;Rp875;Rp1.312.500
07/10/2022;HVS;20000;Rp250;Rp5.000.000
07/10/2022;Dupleks310;3500;Rp1.650;Rp5.775.000
08/10/2022;Dupleks310;1000;Rp2.200;Rp2.200.000
09/10/2022;Ivory270;1000;Rp2.300;Rp2.300.000
10/10/2022;GreaseProofPlano;1000;Rp300;Rp300.000
11/10/2022;Ivory270;1000;Rp2.700;Rp2.700.000
12/10/2022;Ivory230;2000;Rp1.450;Rp2.900.000
13/10/2022;Ivory230;2000;Rp945;Rp1.890.000
14/10/2022;CraftLaminasi290;2000;Rp1.850;Rp3.700.000
15/10/2022;Ivory230;1500;Rp1.600;Rp2.400.000
16/10/2022;Ivory230;1000;Rp1.700;Rp1.700.000
17/10/2022;Dupleks310;2000;Rp1.400;Rp2.800.000
18/10/2022;Dupleks310;1000;Rp1.550;Rp1.550.000
19/10/2022;CraftLaminasi290;5000;Rp850;Rp4.250.000
19/10/2022;Ivory270;1000;Rp2.000;Rp2.000.000
19/10/2022;CraftFoodpak290;1000;Rp1.200;Rp1.200.000
19/10/2022;Ivory270;1000;Rp3.500;Rp3.500.000
20/10/2022;CraftLaminasi290;5000;Rp1.200;Rp6.000.000
21/10/2022;GreaseProof;3500;Rp350;Rp1.225.000
22/10/2022;Ivory250;2000;Rp1.400;Rp2.800.000
23/10/2022;Dupleks310;3500;Rp1.700;Rp5.950.000
24/10/2022;Dupleks350;2000;Rp1.975;Rp3.950.000
24/10/2022;Dupleks350;1000;Rp2.200;Rp2.200.000
24/10/2022;Dupleks270Laminating;1000;Rp2.000;Rp2.000.000
24/10/2022;Ivory250;1000;Rp1.600;Rp1.600.000
24/10/2022;Dupleks310;1000;Rp1.900;Rp1.900.000
24/10/2022;Ivory270;1000;Rp2.700;Rp2.700.000
24/10/2022;Ivory230;1000;Rp1.700;Rp1.700.000
24/10/2022;Dupleks310;1000;Rp1.900;Rp1.900.000
24/10/2022;GreaseProof;2000;Rp275;Rp550.000
24/10/2022;PTSariIndahPackagingIndustry;100;Rp3.500;Rp350.000
24/10/2022;CraftLaminasi290;2000;Rp1.850;Rp3.700.000
24/10/2022;Dupleks350;2000;Rp1.500;Rp3.000.000
24/10/2022;CraftLaminasi290;4500;Rp1.600;Rp7.200.000
24/10/2022;Craft310;1000;Rp2.000;Rp2.000.000
24/10/2022;Dupleks310;600;Rp2.450;Rp1.470.000
24/10/2022;Ivory230;1000;Rp1.100;Rp1.100.000
24/10/2022;Ivory230;1000;Rp1.300;Rp1.300.000
24/10/2022;Ivory250;1000;Rp1.700;Rp1.700.000
24/10/2022;Ivory250;1000;Rp2.000;Rp2.000.000
24/10/2022;Ivory300;2000;Rp1.500;Rp3.000.000
24/10/2022;CraftFoodpak290;1000;Rp975;Rp975.000
24/10/2022;CraftFoodpak290;1000;Rp1.200;Rp1.200.000
24/10/2022;GreaseProof;1000;Rp800;Rp800.000
05/11/2022;Dupleks310;1000;Rp1.550;Rp1.550.000
05/11/2022;CraftLaminasi290;2000;Rp900;Rp1.800.000
05/11/2022;Ivory270;1000;Rp850;Rp850.000
05/11/2022;Ivory230;3000;Rp950;Rp2.850.000
05/11/2022;CraftFoodpak290;1500;Rp875;Rp1.312.500
08/11/2022;CraftLaminasi290;1000;Rp800;Rp800.000
08/11/2022;CraftLaminasi290;1000;Rp850;Rp850.000
10/11/2022;Ivory270;1000;Rp2.000;Rp2.000.000
10/11/2022;Ivory270;1000;Rp2.400;Rp2.400.000
10/11/2022;Ivory270;1000;Rp2.900;Rp2.900.000
10/11/2022;Ivory270;1000;Rp3.550;Rp3.550.000
13/11/2022;FoodpakGlossy260;1000;Rp1.700;Rp1.700.000
13/11/2022;Dupleks310;2000;Rp1.800;Rp3.600.000
13/11/2022;Dupleks310;1000;Rp1.900;Rp1.900.000
13/11/2022;Ivory250;1000;Rp1.700;Rp1.700.000
13/11/2022;Dupleks310;2000;Rp1.300;Rp2.600.000
13/11/2022;Ivory230;1500;Rp1.600;Rp2.400.000
13/11/2022;CraftLaminasi290;5000;Rp1.200;Rp6.000.000
13/11/2022;Ivory230;1000;Rp1.700;Rp1.700.000
20/11/2022;Dupleks310P;2000;Rp1.600;Rp3.200.000
20/11/2022;Craft290;1000;Rp1.100;Rp1.100.000
20/11/2022;GreaseProof;1000;Rp800;Rp800.000
20/11/2022;GreaseProof;1000;Rp300;Rp300.000
20/11/2022;Dupleks310P;3000;Rp1.400;Rp4.200.000
20/11/2022;Ivory250+Laminasi;1000;Rp2.500;Rp2.500.000
20/11/2022;HVS;20000;Rp250;Rp5.000.000
20/11/2022;CraftFoodpak290;2000;Rp875;Rp1.750.000
22/11/2022;CraftLaminasi290;3000;Rp800;Rp2.400.000
22/11/2022;StikerA3;250;Rp5.500;Rp1.375.000
22/11/2022;Dupleks310;2000;Rp1.600;Rp3.200.000
22/11/2022;GreaseProof;1000;Rp350;Rp350.000
22/11/2022;Dupleks270;1000;Rp1.800;Rp1.800.000
22/11/2022;Dupleks350;2000;Rp1.975;Rp3.950.000
22/11/2022;Ivory250;1000;Rp1.900;Rp1.900.000
22/11/2022;Dupleks350;1000;Rp2.250;Rp2.250.000
22/11/2022;Dupleks400;1000;Rp2.250;Rp2.250.000
22/11/2022;Dupleks350;1000;Rp2.200;Rp2.200.000
22/11/2022;Dupleks310;1000;Rp1.900;Rp1.900.000
22/11/2022;Ivory300;1000;Rp2.400;Rp2.400.000
22/11/2022;GreaseProof;1000;Rp300;Rp300.000
23/11/2022;Dupleks310;2000;Rp1.800;Rp3.600.000
23/11/2022;Foodpak260Glossy;5000;Rp1.200;Rp6.000.000
23/11/2022;Ivory230;2000;Rp945;Rp1.890.000
23/11/2022;Dupleks350;2000;Rp1.500;Rp3.000.000
23/11/2022;Ivory230;1000;Rp1.300;Rp1.300.000
23/11/2022;Ivory230+LaminasiAlas;1000;Rp1.900;Rp1.900.000
23/11/2022;CraftLaminasi290;2000;Rp1.850;Rp3.700.000
23/11/2022;GreaseProof;1000;Rp400;Rp400.000
26/11/2022;CraftLaminasi290;5000;Rp850;Rp4.250.000
26/11/2022;CraftLaminasi290;3000;Rp650;Rp1.950.000
26/11/2022;CraftBiasa310;1000;Rp1.700;Rp1.700.000
26/11/2022;CraftLaminasi290;3000;Rp1.300;Rp3.900.000
26/11/2022;Ivory230;1000;Rp1.100;Rp1.100.000
26/11/2022;GreaseProof;1000;Rp950;Rp950.000
26/11/2022;CraftLaminasi290;1000;Rp900;Rp900.000
26/11/2022;Ivory230+Laminating;1000;Rp1.900;Rp1.900.000
29/11/2022;Dupleks310;1000;Rp1.550;Rp1.550.000
29/11/2022;Ivory300;1000;Rp1.500;Rp1.500.000
29/11/2022;CraftLaminasi290;1000;Rp1.200;Rp1.200.000
29/11/2022;Ivory270;1000;Rp2.600;Rp2.600.000
29/11/2022;Ivory260Matte;1000;Rp1.800;Rp1.800.000
29/11/2022;Craft310;3000;Rp1.400;Rp4.200.000
29/11/2022;Ivory250;2000;Rp1.400;Rp2.800.000
01/12/2022;Craft290Laminasi;3000;Rp1.200;Rp3.600.000
01/12/2022;Foodpak260Matte;1000;Rp1.700;Rp1.700.000
01/12/2022;Craft290Laminasi;1000;Rp1.500;Rp1.500.000
01/12/2022;Foodpak260Glossy;5000;Rp1.450;Rp7.250.000
02/12/2022;CraftLaminasi290;4000;Rp1.600;Rp6.400.000
02/12/2022;Dupleks350;2000;Rp1.600;Rp3.200.000
02/12/2022;Ivory270;2000;Rp1.900;Rp3.800.000
03/12/2022;Ivory270;1000;Rp2.900;Rp2.900.000
03/12/2022;GreaseProof;1000;Rp800;Rp800.000
03/12/2022;Dupleks310;1000;Rp1.800;Rp1.800.000
05/12/2022;Ivory230;2000;Rp945;Rp1.890.000
05/12/2022;Ivory230;1000;Rp950;Rp950.000
06/12/2022;Dupleks310;2000;Rp1.600;Rp3.200.000
07/12/2022;CraftLaminasi290;1000;Rp850;Rp850.000
07/12/2022;CraftLaminasi290;2500;Rp800;Rp2.000.000
07/12/2022;CraftFoodpak290;1500;Rp875;Rp1.312.500
07/12/2022;Craft300;1000;Rp1.650;Rp1.650.000
07/12/2022;Dupleks270;1000;Rp1.500;Rp1.500.000
07/12/2022;Dupleks310;1000;Rp1.500;Rp1.500.000
07/12/2022;Ivory230;1000;Rp1.700;Rp1.700.000
07/12/2022;Dupleks350;1000;Rp2.200;Rp2.200.000
07/12/2022;HVS;20000;Rp250;Rp5.000.000
07/12/2022;Foodpak260Matte;1000;Rp1.100;Rp1.100.000
07/12/2022;Ivory230;3000;Rp950;Rp2.850.000
12/12/2022;Dupleks310;1000;Rp2.200;Rp2.200.000
12/12/2022;Ivory300;1000;Rp4.300;Rp4.300.000
12/12/2022;Ivory300;1000;Rp2.400;Rp2.400.000
12/12/2022;Ivory230;1000;Rp1.800;Rp1.800.000
12/12/2022;Foodpak295Matte;1000;Rp1.900;Rp1.900.000
12/12/2022;Ivory270;1000;Rp1.750;Rp1.750.000
12/12/2022;Ivory230;1500;Rp1.600;Rp2.400.000
12/12/2022;Ivory230;1000;Rp1.650;Rp1.650.000
13/12/2022;Ivory230;2000;Rp950;Rp1.900.000
13/12/2022;CraftLaminasi290;2000;Rp1.200;Rp2.400.000
13/12/2022;DUPLEKS310;1000;Rp1.200;Rp1.200.000
14/12/2022;Foodpak260Glossy;2000;Rp2.300;Rp4.600.000
14/12/2022;Dupleks270;1000;Rp2.000;Rp2.000.000
14/12/2022;Dupleks350;2000;Rp1.975;Rp3.950.000
14/12/2022;KertasSisaIvory300;1000;Rp800;Rp800.000
15/12/2022;CraftFoodpak290Laminasi;1000;Rp1.500;Rp1.500.000
15/12/2022;Dupleks270Eplex;3000;Rp1.300;Rp3.900.000
15/12/2022;Ivory270;1000;Rp1.500;Rp1.500.000
15/12/2022;Ivory350;1000;Rp3.500;Rp3.500.000
15/12/2022;Dupleks310;1000;Rp1.300;Rp1.300.000
15/12/2022;FoodpakGlossy320;1000;Rp3.800;Rp3.800.000
15/12/2022;FoodpakGlossy320;1000;Rp2.600;Rp2.600.000
15/12/2022;Craft310;1000;Rp950;Rp950.000
15/12/2022;Ivory250;1000;Rp1.700;Rp1.700.000
15/12/2022;CraftLaminasi290;3000;Rp1.300;Rp3.900.000
15/12/2022;Dupleks310;2000;Rp1.850;Rp3.700.000
15/12/2022;Craft270;1000;Rp950;Rp950.000
15/12/2022;Ivory230;2000;Rp1.450;Rp2.900.000
15/12/2022;Craft310;5000;Rp1.200;Rp6.000.000
15/12/2022;PTSARIINDAH;100;Rp3.000;Rp300.000
15/12/2022;CraftLaminasi290;2000;Rp1.600;Rp3.200.000
15/12/2022;CraftLaminasi290;1000;Rp1.200;Rp1.200.000
15/12/2022;Ivory250;1000;Rp1.650;Rp1.650.000
15/12/2022;Dupleks310;1000;Rp2.300;Rp2.300.000
15/12/2022;Dupleks350P;2000;Rp1.500;Rp3.000.000
15/12/2022;NCR;100;Rp18.000;Rp1.800.000
15/12/2022;Ivory230;1000;Rp1.200;Rp1.200.000
15/12/2022;CraftLaminasi290;2000;Rp900;Rp1.800.000
15/12/2022;Ivory300;2000;Rp1.500;Rp3.000.000
15/12/2022;Craft275;1000;Rp1.600;Rp1.600.000
15/12/2022;Dupleks350;1000;Rp2.200;Rp2.200.000
15/12/2022;Dupleks350;1000;Rp2.200;Rp2.200.000
15/12/2022;Foodpak260Matte;1000;Rp1.700;Rp1.700.000
15/12/2022;Dupleks310P;2000;Rp1.600;Rp3.200.000
15/12/2022;Ivory230;1000;Rp1.700;Rp1.700.000
15/12/2022;CraftLaminasi290;1500;Rp850;Rp1.275.000
15/12/2022;CraftLaminasi290;2000;Rp800;Rp1.600.000
15/12/2022;CraftFoodpak290;1500;Rp875;Rp1.312.500
15/12/2022;Dupleks310;2000;Rp1.400;Rp2.800.000
15/12/2022;Craft275Biasa;1000;Rp1.000;Rp1.000.000
15/12/2022;GreaseProof;1000;Rp400;Rp400.000
01/01/2023;Dupleks310;2000;Rp1.800;Rp3.600.000
01/01/2023;Ivory230;1000;Rp1.400;Rp1.400.000
01/01/2023;Dupleks310;2000;Rp1.650;Rp3.300.000
01/01/2023;Dupleks350;1000;Rp2.250;Rp2.250.000
01/01/2023;Dupleks400;1000;Rp2.250;Rp2.250.000
01/01/2023;Ivory230;1500;Rp1.600;Rp2.400.000
01/01/2023;Dupleks310;1000;Rp1.800;Rp1.800.000
01/01/2023;GreaseProof;2000;Rp200;Rp400.000
01/01/2023;Dupleks310;1000;Rp1.900;Rp1.900.000
01/01/2023;Dupleks310;2000;Rp2.000;Rp4.000.000
01/01/2023;GreaseProof;2000;Rp200;Rp400.000
01/01/2023;Ivory230;1000;Rp950;Rp950.000
01/01/2023;Foodpak295;1000;Rp1.700;Rp1.700.000
01/01/2023;Ivory270;2000;Rp2.250;Rp4.500.000
01/01/2023;Ivory270;1000;Rp1.750;Rp1.750.000
06/01/2023;CraftLaminasi290;4000;Rp1.600;Rp6.400.000
06/01/2023;Duplex310;5000;Rp1.100;Rp5.500.000
06/01/2023;Ivory230;1000;Rp1.000;Rp1.000.000
06/01/2023;Foodpak245Matte;1000;Rp1.800;Rp1.800.000
06/01/2023;Ivory230;1000;Rp1.700;Rp1.700.000
06/01/2023;Foodpak260;1000;Rp1.700;Rp1.700.000
06/01/2023;Foodpak260;1000;Rp1.800;Rp1.800.000
06/01/2023;Ivory230;1000;Rp1.700;Rp1.700.000
06/01/2023;CraftLaminasi290;5000;Rp850;Rp4.250.000
06/01/2023;Dupleks310;1000;Rp1.900;Rp1.900.000
06/01/2023;Kinstruk150;1000;Rp1.000;Rp1.000.000
06/01/2023;CraftLaminasi290;1000;Rp4.500;Rp4.500.000
06/01/2023;CraftLaminasi290;1000;Rp1.300;Rp1.300.000
06/01/2023;CraftLaminasi290;1000;Rp3.050;Rp3.050.000
06/01/2023;Ivory250;2000;Rp1.400;Rp2.800.000
06/01/2023;Ivory230;1000;Rp1.600;Rp1.600.000
06/01/2023;Ivory270;1000;Rp1.900;Rp1.900.000
06/01/2023;Ivory270;1000;Rp1.500;Rp1.500.000
06/01/2023;GreaseProof;1000;Rp400;Rp400.000
06/01/2023;Dupleks270;1000;Rp1.500;Rp1.500.000
06/01/2023;HVS;20000;Rp250;Rp5.000.000
06/01/2023;Dupleks310;1000;Rp1.800;Rp1.800.000
06/01/2023;Dupleks310;1000;Rp2.200;Rp2.200.000
06/01/2023;Dupleks310;1000;Rp1.550;Rp1.550.000
06/01/2023;CraftLaminasi290;6000;Rp950;Rp5.700.000
06/01/2023;CraftLaminasi290;3000;Rp800;Rp2.400.000
06/01/2023;CraftFoodpak290;1500;Rp875;Rp1.312.500
06/01/2023;Dupleks350;2000;Rp1.975;Rp3.950.000
06/01/2023;Ivory230;1000;Rp1.400;Rp1.400.000
06/01/2023;Dupleks350;2000;Rp1.600;Rp3.200.000
06/01/2023;Dupleks310;1000;Rp2.000;Rp2.000.000
06/01/2023;Craft275;4000;Rp700;Rp2.800.000
06/01/2023;GreaseProof;1000;Rp100;Rp100.000
06/01/2023;Dupleks310;1000;Rp1.800;Rp1.800.000
06/01/2023;Dupleks310;1000;Rp2.200;Rp2.200.000
06/01/2023;Dupleks310;3500;Rp1.700;Rp5.950.000
06/01/2023;GreaseProof;1000;Rp1.200;Rp1.200.000
06/01/2023;FoodpakMatte245;1000;Rp1.500;Rp1.500.000
06/01/2023;CraftLaminasi290;1500;Rp850;Rp1.275.000
06/01/2023;CEMERLANGINDAHSELARAS;1000;Rp1.850;Rp1.850.000
06/01/2023;Ivory270;1000;Rp1.750;Rp1.750.000
06/01/2023;GreaseProof;2000;Rp300;Rp600.000
06/01/2023;Ivory245Matte;1000;Rp1.800;Rp1.800.000
06/01/2023;Dupleks310;1000;Rp2.000;Rp2.000.000
06/01/2023;Ivory230;1000;Rp1.000;Rp1.000.000
06/01/2023;Craft310;5000;Rp1.200;Rp6.000.000
06/01/2023;FoodpakMatte245;4000;Rp1.000;Rp4.000.000
06/01/2023;Ivory230;1500;Rp1.600;Rp2.400.000
06/01/2023;Dupleks350;1000;Rp3.000;Rp3.000.000
06/01/2023;Dupleks350;1000;Rp2.650;Rp2.650.000
06/01/2023;Dupleks350;500;Rp3.800;Rp1.900.000
06/01/2023;Dupleks350;500;Rp2.600;Rp1.300.000
06/01/2023;GreaseProof;500;Rp300;Rp150.000
06/01/2023;GreaseProof;2000;Rp400;Rp800.000
06/01/2023;Dupleks350;1000;Rp2.000;Rp2.000.000
06/01/2023;Dupleks310;2000;Rp1.900;Rp3.800.000
06/01/2023;Ivory300;1000;Rp2.400;Rp2.400.000
06/01/2023;GreaseProof;1000;Rp300;Rp300.000
01/02/2023;Ivory230;1000;Rp1.350;Rp1.350.000
01/02/2023;Dupleks310;1000;Rp1.700;Rp1.700.000
01/02/2023;FoodpakMatte245;1000;Rp900;Rp900.000
01/02/2023;Foodpak260Glossy;5000;Rp1.450;Rp7.250.000
01/02/2023;CraftLaminasi290;4000;Rp1.600;Rp6.400.000
01/02/2023;FoodpakMatte245;1000;Rp1.600;Rp1.600.000
05/02/2023;CEMERLANGINDAHSELARAS;1000;Rp1.850;Rp1.850.000
05/02/2023;Ivory230;1000;Rp1.600;Rp1.600.000
05/02/2023;CraftLaminasi290;2000;Rp900;Rp1.800.000
05/02/2023;Duplex310;5000;Rp1.100;Rp5.500.000
05/02/2023;GreaseProof;3500;Rp250;Rp875.000
05/02/2023;Ivory230;1000;Rp1.400;Rp1.400.000
05/02/2023;Ivory230;1000;Rp950;Rp950.000
09/02/2023;CraftFoodpak290;1500;Rp1.200;Rp1.800.000
09/02/2023;FoodpakMatte245;1000;Rp1.200;Rp1.200.000
09/02/2023;Dupleks310;2000;Rp1.900;Rp3.800.000
09/02/2023;Dupleks310P;2000;Rp1.450;Rp2.900.000
09/02/2023;Dupleks350P;2000;Rp1.500;Rp3.000.000
09/02/2023;Dupleks310;1000;Rp2.000;Rp2.000.000
09/02/2023;Ivory270;2000;Rp1.900;Rp3.800.000
09/02/2023;CraftBiasa310;1000;Rp1.700;Rp1.700.000
09/02/2023;GreaseProof;1000;Rp300;Rp300.000
09/02/2023;CraftPackaging8;1000;Rp1.200;Rp1.200.000
13/02/2023;Foodpak260Glossy;3500;Rp2.300;Rp8.050.000
13/02/2023;CraftPackaging8;1000;Rp1.200;Rp1.200.000
13/02/2023;Ivory270;1000;Rp2.600;Rp2.600.000
13/02/2023;CraftLaminasi290;2000;Rp800;Rp1.600.000
13/02/2023;CraftFoodpak290;1000;Rp875;Rp875.000
13/02/2023;CraftLaminasi290;1000;Rp850;Rp850.000
13/02/2023;Ivory230;3500;Rp750;Rp2.625.000
13/02/2023;PTSARIINDAH;100;Rp3.000;Rp300.000
13/02/2023;KertasFolio;50;Rp12.000;Rp600.000
16/02/2023;Ivory230;1000;Rp1.000;Rp1.000.000
16/02/2023;245;1000;Rp1.000;Rp1.000.000
16/02/2023;Dupleks350;1000;Rp2.500;Rp2.500.000
16/02/2023;Dupleks400;1000;Rp2.500;Rp2.500.000
16/02/2023;Ivory230;3500;Rp800;Rp2.800.000
16/02/2023;GreaseProof;1000;Rp300;Rp300.000
16/02/2023;Ivory230;1000;Rp1.800;Rp1.800.000
16/02/2023;NCR;100;Rp18.000;Rp1.800.000
19/02/2023;Ivory230;1000;Rp1.100;Rp1.100.000
19/02/2023;Ivory250;1000;Rp1.700;Rp1.700.000
19/02/2023;Craft310;1000;Rp2.000;Rp2.000.000
19/02/2023;Ivory230;1000;Rp1.650;Rp1.650.000
19/02/2023;GreaseProof;1000;Rp300;Rp300.000
19/02/2023;StikerKertas;124;Rp124;Rp15.376
19/02/2023;Foodpak260Glossy;5000;Rp1.200;Rp6.000.000
19/02/2023;FoodpakMatte245;2000;Rp1.500;Rp3.000.000
21/02/2023;HVS;40000;Rp250;Rp10.000.000
21/02/2023;Foodpak260;1000;Rp1.700;Rp1.700.000
21/02/2023;CraftLaminasi290;3000;Rp800;Rp2.400.000
21/02/2023;CraftFoodpak290;2000;Rp875;Rp1.750.000
23/02/2023;CraftLaminasi290;5000;Rp850;Rp4.250.000
23/02/2023;CraftLaminasi290;3000;Rp700;Rp2.100.000
23/02/2023;Ivory230;2000;Rp1.450;Rp2.900.000
02/03/2023;Dupleks350;2000;Rp1.975;Rp3.950.000
02/03/2023;Ivory230;3000;Rp950;Rp2.850.000
02/03/2023;CraftPackaging8;1000;Rp1.250;Rp1.250.000
02/03/2023;Ivory250+Laminasi;1000;Rp2.700;Rp2.700.000
03/03/2023;Dupleks310;2000;Rp1.600;Rp3.200.000
04/03/2023;Ivory270;2000;Rp2.250;Rp4.500.000
04/03/2023;Ivory270;1000;Rp2.900;Rp2.900.000
04/03/2023;Ivory270;2000;Rp1.800;Rp3.600.000
06/03/2023;Dupleks350;2000;Rp1.600;Rp3.200.000
06/03/2023;FoodpakMatte245;2000;Rp1.500;Rp3.000.000
06/03/2023;Ivory230;1000;Rp1.350;Rp1.350.000
06/03/2023;Dupleks310;1500;Rp1.700;Rp2.550.000
06/03/2023;FoodpakGlossy320;1000;Rp3.800;Rp3.800.000
06/03/2023;Dupleks270;2500;Rp1.700;Rp4.250.000
09/03/2023;Ivory270;1000;Rp2.400;Rp2.400.000
09/03/2023;GreaseProof;1000;Rp300;Rp300.000
09/03/2023;Dupleks310;1000;Rp1.600;Rp1.600.000
09/03/2023;CraftLaminasi290;4000;Rp1.700;Rp6.800.000
10/03/2023;CraftLaminasi290;1000;Rp1.200;Rp1.200.000
11/03/2023;CraftLaminasi290;2000;Rp1.600;Rp3.200.000
11/03/2023;CraftLaminasi290;1000;Rp1.200;Rp1.200.000
12/03/2023;Ivory250;2000;Rp1.400;Rp2.800.000
13/03/2023;Dupleks310;1000;Rp1.550;Rp1.550.000
14/03/2023;Ivory230;1120;Rp1.050;Rp1.176.000
14/03/2023;Ivory230;2000;Rp945;Rp1.890.000
14/03/2023;Dupleks350;1000;Rp2.000;Rp2.000.000
14/03/2023;Ivory250;1000;Rp1.900;Rp1.900.000
14/03/2023;GreaseProof;3500;Rp250;Rp875.000
14/03/2023;Dupleks310;2000;Rp1.800;Rp3.600.000
14/03/2023;GreaseProof;2000;Rp300;Rp600.000
15/03/2023;Ivory250;1000;Rp1.100;Rp1.100.000
15/03/2023;CraftLaminasi290;2000;Rp800;Rp1.600.000
15/03/2023;CraftFoodpak290;1500;Rp875;Rp1.312.500
15/03/2023;CraftLaminasi290;1000;Rp850;Rp850.000
15/03/2023;Ivory350;1000;Rp1.100;Rp1.100.000
15/03/2023;Ivory350;1000;Rp1.100;Rp1.100.000
15/03/2023;Dupleks350;2000;Rp1.500;Rp3.000.000
18/03/2023;CraftLaminasi290;1000;Rp1.200;Rp1.200.000
18/03/2023;Dupleks310;1000;Rp2.200;Rp2.200.000
19/03/2023;Ivory250;1000;Rp2.000;Rp2.000.000
19/03/2023;Ivory250;1000;Rp1.900;Rp1.900.000
20/03/2023;CraftLaminasi290;2000;Rp900;Rp1.800.000
20/03/2023;CraftFoodpak2900;2000;Rp1.200;Rp2.400.000
20/03/2023;Ivory230;3000;Rp950;Rp2.850.000
23/03/2023;FoodpakMatte245;5000;Rp1.500;Rp7.500.000
23/03/2023;FoodpakMatte245;4000;Rp1.050;Rp4.200.000
24/03/2023;Ivory270;2000;Rp900;Rp1.800.000
24/03/2023;Ivory230;1000;Rp1.450;Rp1.450.000
24/03/2023;Dupleks270Laminating;1000;Rp2.000;Rp2.000.000
24/03/2023;Ivory270;1000;Rp2.700;Rp2.700.000
25/03/2023;GreaseProof;2000;Rp300;Rp600.000
25/03/2023;GreaseProof;1000;Rp300;Rp300.000
25/03/2023;Dupleks310;1000;Rp2.000;Rp2.000.000
25/03/2023;DUPLEKS310;1000;Rp1.300;Rp1.300.000
28/03/2023;Ivory230;1000;Rp1.500;Rp1.500.000
28/03/2023;FoodpakMatte245;3000;Rp1.200;Rp3.600.000
29/03/2023;FoodpakMatte245;3500;Rp1.200;Rp4.200.000
29/03/2023;FoodpakMatte245;1000;Rp1.200;Rp1.200.000
30/03/2023;Dupleks310;2000;Rp1.400;Rp2.800.000
31/03/2023;CraftLaminasi290;2000;Rp800;Rp1.600.000
01/04/2023;FoodpakGlossy320;1000;Rp2.600;Rp2.600.000
01/04/2023;Dupleks310;1000;Rp1.800;Rp1.800.000
03/04/2023;FoodpakMatte245;3000;Rp1.500;Rp4.500.000
03/04/2023;Ivory230;1000;Rp1.350;Rp1.350.000
03/04/2023;CraftLaminasi290;5000;Rp850;Rp4.250.000
03/04/2023;Dupleks310;1000;Rp1.800;Rp1.800.000
04/04/2023;Duplex310;5000;Rp1.100;Rp5.500.000
04/04/2023;Dupleks270;1000;Rp1.600;Rp1.600.000
05/04/2023;GreaseProof;3500;Rp250;Rp875.000
05/04/2023;GreaseProof;1000;Rp300;Rp300.000
05/04/2023;GreaseProof;1000;Rp300;Rp300.000
07/04/2023;Ivory250;1000;Rp1.000;Rp1.000.000
07/04/2023;Kinstruk150gsm;2000;Rp500;Rp1.000.000
10/04/2023;Ivory250;1000;Rp1.600;Rp1.600.000
10/04/2023;FoodpakMatte245;1000;Rp1.200;Rp1.200.000
12/04/2023;CraftLaminasi290;4000;Rp1.600;Rp6.400.000
12/04/2023;ivory230;1000;Rp1.200;Rp1.200.000
12/04/2023;Ivory250;1000;Rp1.700;Rp1.700.000
12/04/2023;Ivory350;2000;Rp950;Rp1.900.000
13/04/2023;Ivory350;2000;Rp950;Rp1.900.000
13/04/2023;FoodpakMatte245;3500;Rp1.000;Rp3.500.000
14/04/2023;CraftFoodpak;1000;Rp600;Rp600.000
14/04/2023;CraftFoodpak;1000;Rp1.800;Rp1.800.000
14/04/2023;Kinstruk150gsm;215;Rp99.970;Rp21.493.550
15/04/2023;CraftFoodpak;3000;Rp1.875;Rp5.625.000
15/04/2023;Ivory300;1000;Rp2.400;Rp2.400.000
15/04/2023;GreaseProof;1000;Rp300;Rp300.000
16/04/2023;CraftLaminasi290;2000;Rp800;Rp1.600.000
16/04/2023;CraftFoodpak290;1500;Rp875;Rp1.312.500
17/04/2023;Duplex310;5000;Rp1.100;Rp5.500.000
17/04/2023;Dupleks350;1000;Rp2.250;Rp2.250.000
17/04/2023;Dupleks400;1000;Rp2.250;Rp2.250.000
18/04/2023;CEMERLANGINDAHSELARAS;1000;Rp1.850;Rp1.850.000
23/04/2023;CraftPackaging8;1000;Rp1.200;Rp1.200.000
23/04/2023;Craft290Laminasi8;1000;Rp950;Rp950.000
23/04/2023;Ivory250;1000;Rp1.300;Rp1.300.000
25/04/2023;FoodpakMatte245;5000;Rp1.500;Rp7.500.000
26/04/2023;Ivory230;1000;Rp1.400;Rp1.400.000
26/04/2023;Ivory230;1000;Rp1.600;Rp1.600.000
26/04/2023;Ivory245Matte;1000;Rp1.800;Rp1.800.000
28/04/2023;Craft310;2000;Rp1.200;Rp2.400.000
28/04/2023;Foodpak260Glossy;3000;Rp2.300;Rp6.900.000
28/04/2023;GreaseProof;1000;Rp300;Rp300.000
28/04/2023;Foodpak245;1000;Rp1.000;Rp1.000.000
28/04/2023;CraftLaminasi290;3000;Rp800;Rp2.400.000
28/04/2023;CraftFoodpak290;2000;Rp875;Rp1.750.000
28/04/2023;CraftLaminasi290;1000;Rp850;Rp850.000
28/04/2023;Dupleks310;2000;Rp1.800;Rp3.600.000
28/04/2023;Ivory230;2000;Rp945;Rp1.890.000
29/04/2023;HVS;20000;Rp250;Rp5.000.000
29/04/2023;Dupleks310;1000;Rp1.550;Rp1.550.000
29/04/2023;Dupleks310;1000;Rp1.500;Rp1.500.000
29/04/2023;Dupleks310;3500;Rp1.700;Rp5.950.000
29/04/2023;CraftLaminasi290;6000;Rp950;Rp5.700.000
15/04/2023;GreaseProof;1000;Rp400;Rp400.000
30/04/2023;Ivory230;3500;Rp800;Rp2.800.000
30/04/2023;Ivory250;1000;Rp1.700;Rp1.700.000
30/04/2023;Dupleks310;1000;Rp1.700;Rp1.700.000
30/04/2023;Ivory230;1000;Rp1.900;Rp1.900.000
30/04/2023;Ivory230;1000;Rp950;Rp950.000
30/04/2023;Ivory230;1000;Rp1.500;Rp1.500.000
30/04/2023;Ivory230;2000;Rp750;Rp1.500.000
03/05/2023;Ivory250;1000;Rp1.100;Rp1.100.000
03/05/2023;Duplex310;10000;Rp1.100;Rp11.000.000
02/05/2023;Dupleks310;1000;Rp1.850;Rp1.850.000
03/05/2023;CraftFoodpak290;1000;Rp850;Rp850.000
04/05/2023;Dupleks270;1000;Rp1.400;Rp1.400.000
04/05/2023;Dupleks270;500;Rp1.800;Rp900.000
05/05/2023;Dupleks350;2000;Rp1.975;Rp3.950.000
05/05/2023;Dupleks350;1000;Rp3.000;Rp3.000.000
05/05/2023;GreaseProof;1000;Rp250;Rp250.000
05/05/2023;Dupleks310;2000;Rp1.900;Rp3.800.000
05/05/2023;HVS;2000;Rp250;Rp500.000
06/05/2023;Dupleks350;2000;Rp1.500;Rp3.000.000
06/05/2023;Foodpak260Glossy;5000;Rp1.450;Rp7.250.000
06/05/2023;Unbleaching;1000;Rp400;Rp400.000
06/05/2023;Ivory250;1000;Rp2.500;Rp2.500.000
06/05/2023;CraftFoodpak290;1000;Rp1.700;Rp1.700.000
06/05/2023;FoodpakMatte245;5000;Rp1.500;Rp7.500.000
06/05/2023;Ivory230;2000;Rp1.350;Rp2.700.000
08/05/2023;FoodpakGlossy320;1000;Rp2.600;Rp2.600.000
08/05/2023;FoodpakMatte245;1000;Rp1.800;Rp1.800.000
09/05/2023;Kinstruk150;1000;Rp1.000;Rp1.000.000
09/05/2023;GreaseProof;3000;Rp700;Rp2.100.000
10/05/2023;Ivory350;10000;Rp950;Rp9.500.000
11/05/2023;Dupleks350;1000;Rp3.000;Rp3.000.000
12/05/2023;Foodpak260Matte;3000;Rp1.200;Rp3.600.000
12/05/2023;Dupleks310;1000;Rp1.500;Rp1.500.000
12/05/2023;GreaseProof;1000;Rp300;Rp300.000
13/05/2023;GreaseProof;3500;Rp250;Rp875.000
13/05/2023;Ivory230;1000;Rp1.400;Rp1.400.000
13/05/2023;Ivory230;1000;Rp1.200;Rp1.200.000
15/05/2023;Ivory230;1000;Rp1.700;Rp1.700.000
16/05/2023;Dupleks310;1000;Rp1.700;Rp1.700.000
17/05/2023;FoodpakMatte245;1000;Rp850;Rp850.000
17/05/2023;Ivory350;1000;Rp2.700;Rp2.700.000
17/05/2023;CraftLaminasi290;4000;Rp1.500;Rp6.000.000
18/05/2023;Dupleks310;1000;Rp2.000;Rp2.000.000
19/05/2023;CraftLaminasi290;2000;Rp900;Rp1.800.000
20/05/2023;CraftBiasa310;1000;Rp1.700;Rp1.700.000
20/05/2023;Ivory230;2000;Rp1.450;Rp2.900.000
20/05/2023;Dupleks310;2000;Rp1.000;Rp2.000.000
22/05/2023;Kinstruk150;1000;Rp1.000;Rp1.000.000
22/05/2023;Ivory250;1000;Rp1.600;Rp1.600.000
22/05/2023;GreaseProof;3500;Rp500;Rp1.750.000
22/05/2023;Ivory350;6000;Rp900;Rp5.400.000
22/05/2023;Ivory350;4000;Rp900;Rp3.600.000
22/05/2023;Ivory230;1000;Rp1.300;Rp1.300.000
23/05/2023;Ivory250;2000;Rp1.400;Rp2.800.000
23/05/2023;Dupleks310;3000;Rp1.700;Rp5.100.000
24/05/2023;Ivory250;2000;Rp1.000;Rp2.000.000
25/05/2023;Ivory350;10000;Rp900;Rp9.000.000
25/05/2023;Ivory230;1000;Rp1.600;Rp1.600.000
25/05/2023;Ivory230;1000;Rp1.600;Rp1.600.000
25/05/2023;GreaseProof;1000;Rp300;Rp300.000
26/05/2023;Dupleks310;1000;Rp1.800;Rp1.800.000
26/05/2023;FoodpakMatte245;6000;Rp1.100;Rp6.600.000
26/05/2023;GreaseProof;1000;Rp300;Rp300.000
27/05/2023;Ivory270;1000;Rp2.200;Rp2.200.000
28/05/2023;CraftLaminasi290;3000;Rp800;Rp2.400.000
28/05/2023;CraftFoodpak290;2000;Rp875;Rp1.750.000
28/05/2023;Ivory230;1000;Rp1.700;Rp1.700.000
29/05/2023;Dupleks350;1000;Rp3.800;Rp3.800.000
29/05/2023;Dupleks270;1000;Rp1.900;Rp1.900.000
29/05/2023;GreaseProof;1000;Rp300;Rp300.000
31/05/2023;Dupleks350;2000;Rp1.500;Rp3.000.000
31/05/2023;FoodpakMatte245;3000;Rp1.500;Rp4.500.000
31/05/2023;Ivory230;2000;Rp1.350;Rp2.700.000
31/05/2023;FoodpakMatte;1000;Rp2.200;Rp2.200.000
31/05/2023;FoodpakMatte;1000;Rp1.500;Rp1.500.000
01/06/2023;Ivory230;3500;Rp1.200;Rp4.200.000
01/06/2023;Ivory230;1000;Rp945;Rp945.000
03/06/2023;Craft310;1000;Rp2.000;Rp2.000.000
03/06/2023;FoodpakMatte245;1000;Rp1.200;Rp1.200.000
03/06/2023;Foodpak260Matte;3000;Rp1.000;Rp3.000.000
03/06/2023;CraftLaminasi290;2000;Rp1.600;Rp3.200.000
05/06/2023;GreaseProof;1000;Rp400;Rp400.000
06/06/2023;Ivory230;1000;Rp1.300;Rp1.300.000
06/06/2023;Dupleks310;1000;Rp1.700;Rp1.700.000
07/06/2023;Ivory250;1000;Rp1.700;Rp1.700.000
07/06/2023;Dupleks350;2000;Rp1.600;Rp3.200.000
08/06/2023;Ivory350;6000;Rp900;Rp5.400.000
08/06/2023;Ivory350;4000;Rp900;Rp3.600.000
08/06/2023;Foodpak260Matte;1000;Rp2.500;Rp2.500.000
08/06/2023;FoodpakMatte295;1000;Rp1.900;Rp1.900.000
08/06/2023;GreaseProof;3500;Rp250;Rp875.000
10/06/2023;Ivory230;1000;Rp950;Rp950.000
10/06/2023;Foodpak245;1000;Rp1.000;Rp1.000.000
11/06/2023;Ivory230;1000;Rp1.800;Rp1.800.000
11/06/2023;Dupleks310;1000;Rp2.200;Rp2.200.000
12/06/2023;Ivory230;1000;Rp1.700;Rp1.700.000
12/06/2023;StikerKertas;8;Rp15.000;Rp120.000
12/06/2023;StikerKertas;20;Rp15.000;Rp300.000
13/06/2023;Dupleks310;1000;Rp1.600;Rp1.600.000
14/06/2023;Ivory245Matte;1000;Rp1.800;Rp1.800.000
14/06/2023;Dupleks400;1000;Rp2.500;Rp2.500.000
15/06/2023;Unbleached;1000;Rp1.000;Rp1.000.000
15/06/2023;Ivory270;500;Rp2.400;Rp1.200.000
15/06/2023;Ivory270;500;Rp2.400;Rp1.200.000
15/06/2023;Ivory270;500;Rp2.400;Rp1.200.000
15/06/2023;CraftLaminasi290;2000;Rp800;Rp1.600.000
15/06/2023;CraftLaminasi290;1500;Rp875;Rp1.312.500
15/06/2023;CraftLaminasi290;1500;Rp850;Rp1.275.000
15/06/2023;CraftLaminasi290;1000;Rp950;Rp950.000
15/06/2023;Foodpak245;1000;Rp1.500;Rp1.500.000
15/06/2023;Dupleks310;2000;Rp1.600;Rp3.200.000
15/06/2023;Dupleks310P;1000;Rp1.450;Rp1.450.000
15/06/2023;Dupleks310;3500;Rp1.100;Rp3.850.000
16/06/2023;Dupleks310;1000;Rp1.700;Rp1.700.000
16/06/2023;SISAKERTAS;1000;Rp1.200;Rp1.200.000
16/06/2023;Ivory350;8000;Rp900;Rp7.200.000
16/06/2023;Ivory350;2000;Rp900;Rp1.800.000
16/06/2023;FoodpakMatte245;2000;Rp1.500;Rp3.000.000
17/06/2023;Dupleks310;1000;Rp1.700;Rp1.700.000
17/06/2023;Ivory230;1000;Rp945;Rp945.000
18/06/2023;GreaseProof;1000;Rp300;Rp300.000
18/06/2023;Ivory230;5000;Rp800;Rp4.000.000
19/06/2023;GreaseProof;1000;Rp300;Rp300.000
19/06/2023;Dupleks310;1500;Rp1.700;Rp2.550.000
21/06/2023;CraftLaminasi290;4000;Rp1.500;Rp6.000.000
22/06/2023;Dupleks310;1000;Rp1.400;Rp1.400.000
22/06/2023;GreaseProof;1000;Rp300;Rp300.000
23/06/2023;FoodpakMatte245;2000;Rp1.000;Rp2.000.000
26/06/2023;FoodpakMatte245;1000;Rp1.500;Rp1.500.000
26/06/2023;FoodpakMatte245;3000;Rp1.500;Rp4.500.000
26/06/2023;Ivory230;2000;Rp1.350;Rp2.700.000
26/06/2023;HVS;20000;Rp250;Rp5.000.000
26/06/2023;Craft310;3000;Rp1.400;Rp4.200.000
01/07/2023;FoodpakGlossy320;2000;Rp4.300;Rp8.600.000
01/07/2023;FoodpakGlossy320;2000;Rp2.500;Rp5.000.000
03/07/2023;Ivory270;2000;Rp700;Rp1.400.000
03/07/2023;Ivory270;2000;Rp1.900;Rp3.800.000
03/07/2023;Ivory270;1000;Rp2.900;Rp2.900.000
03/07/2023;Dupleks310;1000;Rp2.000;Rp2.000.000
03/07/2023;Dupleks310;1000;Rp1.200;Rp1.200.000
03/07/2023;Dupleks310;1000;Rp2.250;Rp2.250.000
03/07/2023;Dupleks350;1000;Rp2.250;Rp2.250.000
03/07/2023;GreaseProof40;2000;Rp250;Rp500.000
03/07/2023;Dupleks310;1000;Rp2.000;Rp2.000.000
03/07/2023;Dupleks350;2000;Rp1.975;Rp3.950.000
03/07/2023;Dupleks310;1000;Rp2.000;Rp2.000.000
03/07/2023;Ivory250;1000;Rp1.700;Rp1.700.000
04/07/2023;Ivory300;1000;Rp1.500;Rp1.500.000
04/07/2023;Dupleks310;1000;Rp2.100;Rp2.100.000
04/07/2023;Ivory230;3500;Rp800;Rp2.800.000
05/07/2023;Ivory230;2000;Rp1.300;Rp2.600.000
05/07/2023;GreaseProof;1000;Rp400;Rp400.000
05/07/2023;Foodpak260Matte;3000;Rp1.200;Rp3.600.000
05/07/2023;Ivory270;1000;Rp2.000;Rp2.000.000
05/07/2023;Dupleks350;2000;Rp1.800;Rp3.600.000
05/07/2023;CraftLaminasi290;2000;Rp900;Rp1.800.000
07/07/2023;Dupleks310;2000;Rp2.200;Rp4.400.000
07/07/2023;Dupleks310;1000;Rp1.450;Rp1.450.000
07/07/2023;Ivory230;1000;Rp1.200;Rp1.200.000
07/07/2023;Ivory230;1000;Rp950;Rp950.000
07/07/2023;Kinstruk150;1000;Rp1.000;Rp1.000.000
08/07/2023;CraftLaminasi290;3000;Rp800;Rp2.400.000
08/07/2023;CraftLaminasi290;2000;Rp875;Rp1.750.000
08/07/2023;GreaseProof;3500;Rp250;Rp875.000
09/07/2023;GreaseProof;1000;Rp300;Rp300.000
10/07/2023;Dupleks270;3000;Rp1.800;Rp5.400.000
11/07/2023;Dupleks270;3000;Rp1.400;Rp4.200.000
11/07/2023;Dupleks310;1000;Rp2.200;Rp2.200.000
12/07/2023;Ivory270;1000;Rp1.300;Rp1.300.000
12/07/2023;Dupleks350;2000;Rp1.600;Rp3.200.000
12/07/2023;CraftBiasa310;1000;Rp1.700;Rp1.700.000
12/07/2023;Ivory230;1000;Rp1.200;Rp1.200.000
12/07/2023;Dupleks350;2000;Rp1.500;Rp3.000.000
13/07/2023;Dupleks310;2000;Rp1.900;Rp3.800.000
13/07/2023;GreaseProof;1000;Rp300;Rp300.000
14/07/2023;Craft310;1000;Rp1.200;Rp1.200.000
14/07/2023;KertasStiker;6;Rp15.000;Rp90.000
14/07/2023;Foodpak260;1000;Rp1.700;Rp1.700.000
14/07/2023;Ivory230GC;1000;Rp1.700;Rp1.700.000
15/07/2023;FoodpakMatte245;3000;Rp1.500;Rp4.500.000
15/07/2023;Ivory230;1000;Rp1.350;Rp1.350.000
16/07/2023;Ivory230;1000;Rp1.500;Rp1.500.000
16/07/2023;Dupleks270Laminating;1000;Rp2.000;Rp2.000.000
16/07/2023;CraftLaminasi290;5000;Rp1.500;Rp7.500.000
17/07/2023;Ivory230;1000;Rp1.600;Rp1.600.000
17/07/2023;Ivory230;1000;Rp1.600;Rp1.600.000
17/07/2023;Kinstruk250;1000;Rp1.200;Rp1.200.000
17/07/2023;KertasStiker;5;Rp15.000;Rp75.000
18/07/2023;GreaseProof;1000;Rp300;Rp300.000
19/07/2023;HVSHIJAU;20000;Rp250;Rp5.000.000
19/07/2023;Craft270;1000;Rp1.400;Rp1.400.000
19/07/2023;Foodpak245;1000;Rp1.500;Rp1.500.000
20/07/2023;CraftLaminasi;500;Rp1.700;Rp850.000
20/07/2023;CraftLaminasi;1000;Rp1.400;Rp1.400.000
20/07/2023;Dupleks310;1000;Rp1.900;Rp1.900.000
20/07/2023;PaperCup8Oz;1000;Rp1.850;Rp1.850.000
20/07/2023;Ivory250;1000;Rp1.500;Rp1.500.000
20/07/2023;Ivory250;1000;Rp1.100;Rp1.100.000
20/07/2023;Ivory250;2000;Rp1.400;Rp2.800.000
20/07/2023;CraftLaminasi8;1000;Rp1.200;Rp1.200.000
20/07/2023;GreaseProof;1000;Rp300;Rp300.000
21/07/2023;Ivory230;1000;Rp1.700;Rp1.700.000
21/07/2023;Ivory250;1000;Rp1.900;Rp1.900.000
21/07/2023;FoodpakMatte295;1000;Rp3.500;Rp3.500.000
22/07/2023;Ivory250;2000;Rp700;Rp1.400.000
22/07/2023;Ivory245Matte;1000;Rp1.800;Rp1.800.000
23/07/2023;CraftLaminasi290;1000;Rp950;Rp950.000
24/07/2023;Dupleks310;2000;Rp1.900;Rp3.800.000
25/07/2023;Ivory230;1000;Rp1.500;Rp1.500.000
25/07/2023;Ivory300;2000;Rp1.350;Rp2.700.000
25/07/2023;Craft290Foodpak;1000;Rp1.200;Rp1.200.000
25/07/2023;Foodpak260Glossy;5000;Rp1.450;Rp7.250.000
26/07/2023;Ivory300;1000;Rp3.200;Rp3.200.000
27/07/2023;GreaseProof;3500;Rp250;Rp875.000
27/07/2023;Dupleks350;2000;Rp1.500;Rp3.000.000
27/07/2023;Foodpak260Matte;3000;Rp1.000;Rp3.000.000
27/07/2023;Foodpak245;1000;Rp1.000;Rp1.000.000
27/07/2023;Ivory230+LaminasiDoff;1000;Rp1.100;Rp1.100.000
27/07/2023;GreaseProof;1000;Rp450;Rp450.000
27/07/2023;FoodpakMatte245;2000;Rp1.000;Rp2.000.000
29/07/2023;Ivory250;2000;Rp1.700;Rp3.400.000
30/07/2023;Dupleks310;2000;Rp1.700;Rp3.400.000
31/07/2023;FoodpakMatte245;3000;Rp1.500;Rp4.500.000
31/07/2023;Ivory230;1000;Rp1.350;Rp1.350.000
31/07/2023;Dupleks350;1000;Rp3.000;Rp3.000.000
31/07/2023;Ivory270;1100;Rp1.300;Rp1.430.000
31/07/2023;Cupstock;1000;Rp2.800;Rp2.800.000
01/08/2023;Ivory230;1000;Rp1.400;Rp1.400.000
01/08/2023;Craft290Laminasi;1000;Rp1.200;Rp1.200.000
02/08/2023;Ivory350;8000;Rp900;Rp7.200.000
02/08/2023;Ivory350;4000;Rp900;Rp3.600.000
02/08/2023;Ivory230;3500;Rp800;Rp2.800.000
02/08/2023;Dupleks350;2000;Rp2.000;Rp4.000.000
02/08/2023;Dupleks310;1000;Rp1.700;Rp1.700.000
03/08/2023;Ivory230;2000;Rp950;Rp1.900.000
03/08/2023;Ivory230;1000;Rp1.400;Rp1.400.000
04/08/2023;Ivory210;1000;Rp1.200;Rp1.200.000
04/08/2023;Ivory270;1000;Rp5.000;Rp5.000.000
05/08/2023;Dupleks310;3500;Rp1.300;Rp4.550.000
05/08/2023;Ivory250;1000;Rp500;Rp500.000
05/08/2023;Craft270;1000;Rp1.350;Rp1.350.000
05/08/2023;CraftFoodpak290;2000;Rp1.700;Rp3.400.000
07/08/2023;Dupleks270;1000;Rp1.900;Rp1.900.000
07/08/2023;FoodpakMatte245;2000;Rp1.000;Rp2.000.000
07/08/2023;Ivory270;4000;Rp700;Rp2.800.000
07/08/2023;GreaseProof;3500;Rp250;Rp875.000
07/08/2023;Dupleks270;4000;Rp1.800;Rp7.200.000
07/08/2023;Dupleks270;4000;Rp1.400;Rp5.600.000
07/08/2023;FoodpakMatte245;6000;Rp1.100;Rp6.600.000
08/08/2023;CraftFoodpak290;500;Rp2.500;Rp1.250.000
09/08/2023;FoodpakMatte245;1000;Rp1.500;Rp1.500.000
09/08/2023;CraftLaminasi290;3000;Rp800;Rp2.400.000
09/08/2023;CraftLaminasi290;2000;Rp875;Rp1.750.000
09/08/2023;GreaseProof;1000;Rp300;Rp300.000
09/08/2023;CraftLaminasi290;1000;Rp1.400;Rp1.400.000
09/08/2023;Dupleks310;1000;Rp1.800;Rp1.800.000
10/08/2023;Dupleks310;1000;Rp2.300;Rp2.300.000
10/08/2023;Dupleks310;2000;Rp1.900;Rp3.800.000
11/08/2023;Dupleks310;1000;Rp2.500;Rp2.500.000
11/08/2023;Dupleks310;1000;Rp1.500;Rp1.500.000
11/08/2023;Dupleks310;1000;Rp1.400;Rp1.400.000
13/08/2023;Ivory;450;Rp1.700;Rp765.000
13/08/2023;Foodpak260Matte;3000;Rp1.200;Rp3.600.000
13/08/2023;CraftLaminasi290;2000;Rp1.600;Rp3.200.000
13/08/2023;Dupleks350;2000;Rp1.975;Rp3.950.000
13/08/2023;Ivory270;1000;Rp2.250;Rp2.250.000
13/08/2023;Ivory270;1000;Rp1.800;Rp1.800.000
13/08/2023;Ivory270;1000;Rp1.800;Rp1.800.000
14/08/2023;Ivory230;1000;Rp945;Rp945.000
16/08/2023;Dupleks310;1000;Rp2.000;Rp2.000.000
16/08/2023;Dupleks270;1000;Rp2.000;Rp2.000.000
16/08/2023;Craft290;1000;Rp1.100;Rp1.100.000
16/08/2023;Ivory230;1000;Rp950;Rp950.000
17/08/2023;Ivory230;3500;Rp1.100;Rp3.850.000
18/08/2023;Ivory250;1000;Rp1.700;Rp1.700.000
19/08/2023;Dupleks270;1000;Rp1.900;Rp1.900.000
20/08/2023;FoodpakMatte245;4000;Rp1.500;Rp6.000.000
20/08/2023;Ivory230;1000;Rp1.350;Rp1.350.000
20/08/2023;Dupleks310;2000;Rp1.450;Rp2.900.000
20/08/2023;Dupleks350;2000;Rp1.500;Rp3.000.000
20/08/2023;Dupleks310;2000;Rp1.900;Rp3.800.000
20/08/2023;Dupleks350;2000;Rp1.800;Rp3.600.000
20/08/2023;Ivory270;1000;Rp2.250;Rp2.250.000
20/08/2023;HVS;5000;Rp300;Rp1.500.000
21/08/2023;Dupleks310;1000;Rp1.850;Rp1.850.000
21/08/2023;CraftLaminasi290;3000;Rp1.000;Rp3.000.000
21/08/2023;Ivory270;1000;Rp2.500;Rp2.500.000
21/08/2023;Ivory270;1000;Rp2.700;Rp2.700.000
21/08/2023;Dupleks310;2000;Rp1.700;Rp3.400.000
21/08/2023;Foodpak245;2000;Rp1.500;Rp3.000.000
22/08/2023;KertasStikerA3;200;Rp500;Rp100.000
23/08/2023;Ivory300;1000;Rp1.800;Rp1.800.000
23/08/2023;Ivory300;1000;Rp1.700;Rp1.700.000
24/08/2023;Dupleks310;2000;Rp1.700;Rp3.400.000
24/08/2023;Dupleks310;3500;Rp1.700;Rp5.950.000
24/08/2023;Dupleks310;3500;Rp1.700;Rp5.950.000
24/08/2023;CraftLaminasi290;6000;Rp950;Rp5.700.000
24/08/2023;HVS;20000;Rp250;Rp5.000.000
24/08/2023;Ivory300;1000;Rp4.200;Rp4.200.000
24/08/2023;Ivory300;500;Rp6.550;Rp3.275.000
24/08/2023;Ivory300;500;Rp6.550;Rp3.275.000
24/08/2023;Ivory300;500;Rp5.500;Rp2.750.000
27/08/2023;CraftLaminasi290;1000;Rp1.350;Rp1.350.000
27/08/2023;Dupleks310;1000;Rp2.000;Rp2.000.000
27/08/2023;FoodpakMatte245;1000;Rp1.500;Rp1.500.000
28/08/2023;Dupleks310;2000;Rp1.450;Rp2.900.000
28/08/2023;CraftLaminasi290;2000;Rp900;Rp1.800.000
28/08/2023;CraftLaminasi290;1500;Rp800;Rp1.200.000
28/08/2023;CraftLaminasi290;1500;Rp875;Rp1.312.500
28/08/2023;CraftLaminasi290;1500;Rp850;Rp1.275.000
28/08/2023;Ivory230;1000;Rp1.700;Rp1.700.000
28/08/2023;Ivory230;1000;Rp2.000;Rp2.000.000
28/08/2023;Dupleks310;1000;Rp1.700;Rp1.700.000
29/08/2023;Dupleks310;3000;Rp1.800;Rp5.400.000
29/08/2023;Craf270;1000;Rp2.000;Rp2.000.000
29/08/2023;Ivory230;1000;Rp1.000;Rp1.000.000
29/08/2023;GreaseProof;5000;Rp250;Rp1.250.000
30/08/2023;Dupleks310IK;500;Rp1.500;Rp750.000
31/08/2023;Dupleks350IK;1500;Rp1.800;Rp2.700.000
31/08/2023;Ivory300;1000;Rp3.400;Rp3.400.000
31/08/2023;Ivory350;10000;Rp900;Rp9.000.000
31/08/2023;Ivory350;2000;Rp900;Rp1.800.000
31/08/2023;FoodpakMatte245;1000;Rp1.500;Rp1.500.000
31/08/2023;GreaseProof;1000;Rp400;Rp400.000
31/08/2023;Dupleks310P;1000;Rp2.250;Rp2.250.000
31/08/2023;Dupleks350P;1000;Rp2.250;Rp2.250.000
31/08/2023;Greseproof40;2000;Rp250;Rp500.000
01/09/2023;Dupleks310;1000;Rp1.700;Rp1.700.000
02/09/2023;Kinstruk250;2000;Rp1.150;Rp2.300.000
02/09/2023;KertasStiker;5;Rp15.000;Rp75.000
03/09/2023;Ivory350;10000;Rp900;Rp9.000.000
03/09/2023;Ivory350;4000;Rp900;Rp3.600.000
03/09/2023;Ivory350;1000;Rp2.600;Rp2.600.000
03/09/2023;CraftLaminasi290;4000;Rp1.500;Rp6.000.000
05/09/2023;CraftLaminasi290;1000;Rp1.200;Rp1.200.000
06/09/2023;GreaseProof;1000;Rp300;Rp300.000
06/09/2023;Dupleks310;1000;Rp1.500;Rp1.500.000
06/09/2023;GreaseProof;1000;Rp300;Rp300.000
06/09/2023;CraftLaminasi290;1000;Rp950;Rp950.000
07/09/2023;Dupleks310;2000;Rp1.600;Rp3.200.000
08/09/2023;CraftLaminasi290;1000;Rp950;Rp950.000
08/09/2023;Dupleks310;2000;Rp1.900;Rp3.800.000
08/09/2023;Ivory250;1000;Rp1.900;Rp1.900.000
08/09/2023;Foodpak245Matte;4000;Rp1.500;Rp6.000.000
08/09/2023;Ivory230;1000;Rp1.350;Rp1.350.000
08/09/2023;Dupleks310;1000;Rp1.900;Rp1.900.000
09/09/2023;Ivory230;1000;Rp1.600;Rp1.600.000
09/09/2023;Ivory230;1000;Rp1.700;Rp1.700.000
09/09/2023;Ivory250;1000;Rp1.550;Rp1.550.000
09/09/2023;Foodpak260Matte;4500;Rp1.000;Rp4.500.000
09/09/2023;Dupleks310;1000;Rp1.400;Rp1.400.000
12/09/2023;Dupleks310;1000;Rp1.700;Rp1.700.000
12/09/2023;Dupleks310;1000;Rp1.500;Rp1.500.000
12/09/2023;Dupleks310;1000;Rp1.700;Rp1.700.000
13/09/2023;GreaseProof;1000;Rp300;Rp300.000
13/09/2023;GreaseProof;1000;Rp400;Rp400.000
13/09/2023;Ivory250;1000;Rp1.600;Rp1.600.000
14/09/2023;Dupleks310;1000;Rp2.000;Rp2.000.000
15/09/2023;Dupleks350;500;Rp3.000;Rp1.500.000
16/09/2023;Foodpak245Matte;4000;Rp1.500;Rp6.000.000
16/09/2023;Ivory230;1000;Rp1.350;Rp1.350.000
16/09/2023;Ivory230;3500;Rp800;Rp2.800.000
17/09/2023;FoodpakMatte245;2000;Rp1.000;Rp2.000.000
17/09/2023;Ivory230;1000;Rp950;Rp950.000
17/09/2023;Foodpak245;1000;Rp1.000;Rp1.000.000
19/09/2023;Dupleks350;500;Rp2.650;Rp1.325.000
19/09/2023;Dupleks350;500;Rp2.600;Rp1.300.000
19/09/2023;Dupleks350;500;Rp2.500;Rp1.250.000
19/09/2023;Dupleks350;500;Rp2.500;Rp1.250.000
19/09/2023;Dupleks310;1000;Rp1.900;Rp1.900.000
19/09/2023;NCR;50;Rp12.000;Rp600.000
20/09/2023;Ivory230;1000;Rp945;Rp945.000
20/09/2023;Ivory230;1000;Rp945;Rp945.000
20/09/2023;Ivory250;1000;Rp700;Rp700.000
20/09/2023;Dupleks350;2000;Rp1.600;Rp3.200.000
20/09/2023;Dupleks270;5000;Rp1.400;Rp7.000.000
21/09/2023;Ivory250;1000;Rp1.500;Rp1.500.000
22/09/2023;Ivory250;1000;Rp1.700;Rp1.700.000
22/09/2023;KertasStikerA3;5;Rp15.000;Rp75.000
22/09/2023;Greaseproof40gram;500;Rp300;Rp150.000
22/09/2023;CraftLaminasi290;1500;Rp800;Rp1.200.000
23/09/2023;CraftLaminasi290;1500;Rp875;Rp1.312.500
24/09/2023;Dupleks310;1000;Rp2.150;Rp2.150.000
25/09/2023;Ivory300;1000;Rp2.700;Rp2.700.000
25/09/2023;GreaseProof;1000;Rp300;Rp300.000
25/09/2023;CraftLaminasi290;1000;Rp1.400;Rp1.400.000
26/09/2023;FoodpakMatte245;1000;Rp600;Rp600.000
26/09/2023;FoodpakMatte245;1000;Rp1.100;Rp1.100.000
26/09/2023;Dupleks310;1000;Rp2.750;Rp2.750.000
27/09/2023;Ivory250;1000;Rp2.000;Rp2.000.000
27/09/2023;GreaseProof;1000;Rp400;Rp400.000
28/09/2023;Dupleks350;1000;Rp2.500;Rp2.500.000
28/09/2023;Dupleks400;1000;Rp2.500;Rp2.500.000
29/09/2023;Ivory250;2000;Rp1.400;Rp2.800.000
30/09/2023;Dupleks350;2000;Rp1.800;Rp3.600.000
30/09/2023;Dupleks310;1000;Rp1.900;Rp1.900.000
30/09/2023;Ivory245Matte;1000;Rp1.800;Rp1.800.000
01/10/2023;Dupleks310;2000;Rp1.300;Rp2.600.000
01/10/2023;CraftLaminasi;1000;Rp1.500;Rp1.500.000
01/10/2023;Ivory230;2000;Rp945;Rp1.890.000
02/10/2023;Foodpak260Matte;1000;Rp2.300;Rp2.300.000
03/10/2023;Ivory230;1000;Rp1.700;Rp1.700.000
04/10/2023;GreaseProof;1000;Rp1.000;Rp1.000.000
05/10/2023;Dupleks350;2000;Rp1.975;Rp3.950.000
05/10/2023;Ivory350;10000;Rp900;Rp9.000.000
05/10/2023;Ivory350;4000;Rp900;Rp3.600.000
05/10/2023;GreaseProof;1000;Rp400;Rp400.000
06/10/2023;Foodpakmatte245;1000;Rp1.600;Rp1.600.000
07/10/2023;Ivory300;1000;Rp1.550;Rp1.550.000
08/10/2023;Dupleks310P;3000;Rp1.450;Rp4.350.000
08/10/2023;Dupleks350;2000;Rp1.800;Rp3.600.000
08/10/2023;CraftLaminasi290;3000;Rp800;Rp2.400.000
08/10/2023;CraftLaminasi290;1500;Rp875;Rp1.312.500
08/10/2023;Dupleks310;1000;Rp1.850;Rp1.850.000
08/10/2023;CraftLaminasi290;2000;Rp1.000;Rp2.000.000
08/10/2023;HVS;10000;Rp275;Rp2.750.000
09/10/2023;GreaseProof;1000;Rp450;Rp450.000
09/10/2023;Ivory230;1000;Rp1.000;Rp1.000.000
09/10/2023;CraftFoodpak290;1000;Rp850;Rp850.000
09/10/2023;Ivory250;1000;Rp1.600;Rp1.600.000
09/10/2023;CraftLaminasi290;4000;Rp1.500;Rp6.000.000
10/10/2023;Ivory300;1000;Rp1.500;Rp1.500.000
11/10/2023;Ivory230;1000;Rp1.800;Rp1.800.000
12/10/2023;Ivory250;1000;Rp1.700;Rp1.700.000
12/10/2023;FoodpakMatte245;1000;Rp1.500;Rp1.500.000
12/10/2023;FoodpakMatte245;4000;Rp1.500;Rp6.000.000
12/10/2023;Dupleks350;2500;Rp1.800;Rp4.500.000
13/10/2023;GreaseProof32gram;1000;Rp400;Rp400.000
14/10/2023;Ivory230;1000;Rp1.600;Rp1.600.000
14/10/2023;Ivory230;1000;Rp1.600;Rp1.600.000
14/10/2023;Dupleks310;1000;Rp1.700;Rp1.700.000
14/10/2023;Ivory270;1000;Rp1.900;Rp1.900.000
14/10/2023;FoodpakMatte245;500;Rp1.500;Rp750.000
14/10/2023;FoodpakMatte245;500;Rp1.300;Rp650.000
14/10/2023;BOWL800ML;1000;Rp2.800;Rp2.800.000
14/10/2023;CraftLaminasi290;2000;Rp900;Rp1.800.000
15/10/2023;Craft310;3000;Rp1.400;Rp4.200.000
16/10/2023;Dupleks350;2000;Rp1.500;Rp3.000.000
17/10/2023;Unbleached;1000;Rp1.000;Rp1.000.000
17/10/2023;Foodpak260Matte;3000;Rp1.200;Rp3.600.000
17/10/2023;FoodpakMatte295;1000;Rp1.900;Rp1.900.000
18/10/2023;FoodpakMatte245;2000;Rp1.000;Rp2.000.000
18/10/2023;Dupleks310;1000;Rp1.800;Rp1.800.000
19/10/2023;Ivory250;1000;Rp700;Rp700.000
19/10/2023;Dupleks270;1000;Rp1.900;Rp1.900.000
20/10/2023;Ivory230;1000;Rp950;Rp950.000
20/10/2023;CraftLaminasi;1000;Rp900;Rp900.000
20/10/2023;CraftLaminasi;1000;Rp900;Rp900.000
20/10/2023;HVS;20000;Rp250;Rp5.000.000
20/10/2023;FoodpakMatte245;1000;Rp2.400;Rp2.400.000
21/10/2023;Ivory300;1000;Rp3.000;Rp3.000.000
21/10/2023;CraftLaminasi;1000;Rp900;Rp900.000
21/10/2023;Dupleks310;1000;Rp1.450;Rp1.450.000
23/10/2023;CraftLaminasi290;1000;Rp1.400;Rp1.400.000
23/10/2023;Ivory250;1000;Rp1.550;Rp1.550.000
23/10/2023;CraftLaminasi;1000;Rp1.700;Rp1.700.000
23/10/2023;Dupleks310;1000;Rp1.700;Rp1.700.000
24/10/2023;FoodpakMatte245;1000;Rp1.700;Rp1.700.000
24/10/2023;Dupleks310;1000;Rp1.700;Rp1.700.000
24/10/2023;CraftLaminasi8;1000;Rp1.200;Rp1.200.000
25/10/2023;Unbleaching;1000;Rp400;Rp400.000
25/10/2023;Dupleks310;1000;Rp1.700;Rp1.700.000
25/10/2023;Ivory350;10000;Rp900;Rp9.000.000
25/10/2023;Ivory350;4000;Rp900;Rp3.600.000
25/10/2023;GreaseProof;1000;Rp300;Rp300.000
26/10/2023;Ivory270;2000;Rp1.800;Rp3.600.000
26/10/2023;Ivory270;1000;Rp2.100;Rp2.100.000
27/10/2023;GreaseProof;1000;Rp300;Rp300.000
28/10/2023;CraftLaminasi290;1500;Rp800;Rp1.200.000
28/10/2023;CraftLaminasi290;1000;Rp875;Rp875.000
28/10/2023;CraftLaminasi290;1000;Rp850;Rp850.000
28/10/2023;Dupleks310;1000;Rp1.700;Rp1.700.000
29/10/2023;Ivory230;3500;Rp800;Rp2.800.000
29/10/2023;Dupleks270;2000;Rp1.400;Rp2.800.000
30/10/2023;Dupleks350;1000;Rp3.000;Rp3.000.000
30/10/2023;Dupleks350;3000;Rp250;Rp750.000
30/10/2023;FoodpakMatte245;4000;Rp1.500;Rp6.000.000
30/10/2023;Ivory230;1000;Rp1.350;Rp1.350.000
31/10/2023;FoodpakMatte245;2000;Rp1.000;Rp2.000.000
01/11/2023;Bowl650mlCIS;5000;Rp1.700;Rp8.500.000
02/11/2023;Dupleks310P;1000;Rp2.250;Rp2.250.000
02/11/2023;Dupleks350P;1000;Rp2.250;Rp2.250.000
03/11/2023;FoodpakMatte245;1000;Rp1.600;Rp1.600.000
03/11/2023;FoodpakMatte245;1000;Rp1.600;Rp1.600.000
03/11/2023;Dupleks310;2000;Rp1.600;Rp3.200.000
03/11/2023;Kinstruk150gsm;500;Rp500;Rp250.000
03/11/2023;FoodpakMatte245;1000;Rp1.500;Rp1.500.000
04/11/2023;Dupleks270;1000;Rp2.000;Rp2.000.000
06/11/2023;Dupleks270;4000;Rp1.400;Rp5.600.000
06/11/2023;GreaseProof;3500;Rp250;Rp875.000
07/11/2023;Dupleks310Eplex;2000;Rp1.800;Rp3.600.000
07/11/2023;Ivory270;1000;Rp2.500;Rp2.500.000
07/11/2023;Ivory270;1000;Rp2.100;Rp2.100.000
07/11/2023;Ivory270;1000;Rp2.100;Rp2.100.000
07/11/2023;Ivory270;1000;Rp2.100;Rp2.100.000
07/11/2023;Ivory250;1000;Rp1.500;Rp1.500.000
07/11/2023;FoodpakMatte245;1000;Rp1.500;Rp1.500.000
08/11/2023;Ivory230;3500;Rp1.100;Rp3.850.000
08/11/2023;Foodpak260Glossy;5000;Rp1.450;Rp7.250.000
09/11/2023;Dupleks350;2000;Rp1.975;Rp3.950.000
09/11/2023;CraftLaminasi290;2000;Rp1.600;Rp3.200.000
09/11/2023;Dupleks310;1000;Rp1.500;Rp1.500.000
10/11/2023;Ivory230;1000;Rp1.400;Rp1.400.000
10/11/2023;Ivory230;1000;Rp1.600;Rp1.600.000
11/11/2023;Dupleks310;1000;Rp1.900;Rp1.900.000
11/11/2023;Dupleks310;1000;Rp1.900;Rp1.900.000
11/11/2023;Dupleks350;1000;Rp1.700;Rp1.700.000
11/11/2023;Dupleks350;3500;Rp2.000;Rp7.000.000
11/11/2023;Dupleks350;3500;Rp1.900;Rp6.650.000
11/11/2023;Dupleks350;3000;Rp1.600;Rp4.800.000
12/11/2023;Foodpak260Matte;3000;Rp1.200;Rp3.600.000
13/11/2023;Dupleks350;2000;Rp1.600;Rp3.200.000
14/11/2023;FoodpakGlossy;500;Rp2.650;Rp1.325.000
14/11/2023;FoodpakGlossy;500;Rp2.650;Rp1.325.000
14/11/2023;FoodpakGlossy;500;Rp2.650;Rp1.325.000
14/11/2023;FoodpakGlossy;500;Rp2.650;Rp1.325.000
14/11/2023;Dupleks270Laminating;1000;Rp2.000;Rp2.000.000
14/11/2023;Ivory230;1000;Rp1.300;Rp1.300.000
14/11/2023;Ivory230;1000;Rp900;Rp900.000
15/11/2023;CraftLaminasi290;2000;Rp800;Rp1.600.000
15/11/2023;CraftLaminasi290;1500;Rp875;Rp1.312.500
15/11/2023;FoodpakMatte;1000;Rp2.200;Rp2.200.000
15/11/2023;GreaseProof;1000;Rp300;Rp300.000
